,Si,O,B,Na,Zr,Al,Ca
Si,0.14034,0.26368,0.056624,0.14476,0.42923,0.15323,0.64095
O,-,0.059165,0.12767,0.23432,0.80648,0.27639,1.1011
B,-,-,0.020308,0.062898,0.17318,0.063198,0.27092
Na,,,,0.14136,0.44274,0.15562,0.63932
Zr,,,,,1.31128,0.46866,1.9603
Al,,,,,,0.16656,0.69315
Ca,,,,,,,2.8675
