,A (eV),B (A-1),C (A)
Si-O,1.99597,2.6518,1.628
O-O,0.023272,1.3731,3.791
Si-Si,0.007695,2.0446,3.7598
