Species,Activity
Na+,0.124998E-01
H4SiO4,0.302432E-02
CO3 2-,0.102631E-05
OH-,0.374853E-03
H+,0.100000E-08
H2O,0.999504E+00
NaCO3 -,0.607041E-05
B(OH)3,0.759956E-02
B(OH)4 -,0.871002E-02
H3SiO4 -,0.339065E-02
HCO3 -,0.144087E-04
H2CO3,0.367316E-07
