Interaction,a (A),b (A),f0,f1,f2,f3,f4,f5
Fe2+-Fe2+,1.1,1.9,38.456891,-115.889467,166.591541,-122.352450,44.173231,-6.208431
Fe2+-Fe3+,0.9,1.9,11.672255,-14.893823,17.600151,-15.321189,6.858104,-1.147068
Fe2+-O,0.2,0.85,11.274280,-21.233242,44.802056,-69.570862,60.519843,-21.948215
Fe2+-P,0.7,1.45,13.486801,-28.411131,49.982100,-53.364231,28.581882,-5.844285
Fe3+-Fe3+,0.9,1.9,3.289491,20.674793,-40.640856,30.334182,-10.171431,1.285723
Fe3+-O,0.5,1.25,13.468756,-36.254018,82.390627,-109.951757,74.401925,-20.216820
Fe3+-P,0.4,1.45,11.230029,-14.585045,17.056385,-15.965608,8.848866,-1.935188
O_-O,0.35,1.8,9.273627,-11.588100,8.398709,-2.456703,-0.030643,0.093801
O_-P,0.25,1.03,11.166080,-26.912807,75.616106,-136.453869,116.256770,-36.456113
P_-P,0.24,1.26,11.028636,-16.858035,23.118958,-21.054756,11.153372,-2.472515
