,Glass K12,Glass K12
,30 keV,50 keV
E r/T r (eV/K),0.055/679,0.049/600
st  (C m-2),14 121,15 931
s r (C-1 m2),0.000116,0.000128
p,0.31,0.38
s (10-20 m2),0.0032,0.0028
