Fe3O4 thickness,Tg +-1 [degC],Tx +-1 [degC],T [degC],r [kg/m3],n@633nm+-0.01,V+-0.01min/G*cm @633nm
PBB,296,395,99,7.86,2.2056,0.1301
PBBFe_1mm,439,529,90,7.89,2.20225,0.1536
PBBFe_5mm,431,513,82,7.89,2.2023,0.1542
PBBFe_10mm,447,509,62,7.91,2.20231,0.1538
