5I8-,Wavelength (nm),Oscillator strength f (x10-6),Oscillator strength f (x10-6),Df (x10-6)
5I8-,Wavelength (nm),f exp,f cal,Df (x10-6)
5F5,645.9,0.300,0.278,0.022
5S2,542.6,0.117,0.0494,0.068
5F4,539.0,0.190,0.276,-0.086
5F3,485.1,0.125,0.0602,-0.065
5F2,474.6,0.0782,0.0478,-0.030
3K8,468.4,0.0275,0.0331,0.006
5G5,417.8,0.189,0.0869,-0.102
5G4,385.4,0.0151,0.0411,0.026
3K7,382.3,0.0366,0.00861,-0.028
3F2,357.5,0.258,0.00136,-0.257
3F4,334.3,0.0635,0.00323,-0.060
