Atom1,Atom2,Aij (eV),Bij (1/A),Cij (eV*A6)
O,O,"1,497,049",5.882353,17.34
O,Al,"86,057.58",6.060606,0
O,Si,"62,794.37487",6.060606,0
O,Ca,"717,827",6.060606,8.67
Ca,Ca,"329,051.6",6.25,4.335
Ca,Si,"26,674.6764",6.25,0
Ca,Al,"36,918.57",6.25,0
Si,Si,"2,162.3914",6.25,0
Al,Al,"4,142.149",6.25,0
