Sample,wR p (%),R p (%),kh 2,"a, b (A)",c (A),r (g/cm3),CdSe size (nm)
E,0.68,0.44,0.0205,4.29549,6.98136,5.697,8.0+-0.7 (3)
F,0.43,0.33,0.0185,4.28359,6.96775,5.740,10.1+-0.9 (3)
G,0.47,0.39,0.0162,4.29705,7.00128,5.777,39.6+-2.5 (4)
