Ionic pair,D 0 (kcal/mol),R 0 (A)
P-O,0.122272,2.15197
O-O,0.145435,3.28439
Mg-O,0.027750,3.10100
Ca-O,2.036100,2.33600
