Band,Wavenumber (cm-1),A 1/D 0 (D 2),B 0/D 0 (D 2),C 0/D 0 (D 2),R
2H9/2,24 950-24 250,5.6+-0.8,1.8+-0.2x10-2,3.61+-0.07,0.99948
4F5/2,23 000-22 000,5.9+-0.9,3.5+-0.3x10-2,3.52+-0.10,0.99828
4F3/2,,,,,
4F7/2,21 000-20 000,****,1.1+-0.5x10-2,3.35+-0.14,0.99674
4S3/2,18 800-18 100,4.1+-0.7,6.9+-1.5x10-3,2.15+-0.04,0.99944
