Nominal composition,Nominal composition,Nominal composition,Nominal composition,Measured,Density (g/cm3),T g (degC),A t (degC),a (x10-7/degC),n d,E abs (eV),E paek (eV),E RES (eV)
ZnO,ZnF2,Bi2O3,P2O5,ZnF2,,,,,,,,
55,0,20,25,0.0,5.6334,456,479,86,1.88545,3.34,4.696,7.95
50,5,20,25,4.6,5.6306,406,425,88,1.87636,3.43,4.693,8.09
45,10,20,25,8.2,5.6314,387,418,95,1.86748,3.51,4.701,8.14
40,15,20,25,10.6,5.6397,370,405,95,1.85584,3.55,4.737,8.24
35,20,20,25,12.1,5.6380,357,390,94,1.84461,3.63,4.747,8.33
