Interaction,D  ij /eV,a  ij /A-1,r    i j   c  /A,C  ij /eVA12
SiO,0.340554,2.0067,2.1,1.0
OO,0.042395,1.379316,3.618701,22
