Material,Dielectric constant,Dielectric constant,Loss coefficient,Loss coefficient
Material,10kHz,1MHz,10kHz,1MHz
SBB550,20.35,20.20,0.00363,0.00053
SBB600,21.21,21.17,0.00061,0.00159
SBB650,29.75,29.63,0.00125,0.00221
BBB550,21.07,20.99,0.00339,0.00001
BBB600,21.83,21.77,0.00155,0.00116
BBB650,24.14,23.94,0.0012,0.0002
