Experiment,"Flask 1 (C 1,1)","Flask 2 (C 1,2)","Initial solution (C 0 1,1)","Solvent (C 0 1,2)",t (s),D (cm2/s)
1,12.53+-0.05,0.0873+-0.005,12.68+-0.05,<0.00005,604800,(1.6+-0.2)x10-6
2,10.51+-0.05,2.09+-0.01,12.86+-0.05,<0.00005,604800,(2.8+-0.3)x10-5
