,Sb2O3 [mol%],Li2O [mol%],MoO3 [mol%],Color,Es  (main temperature ranges) [eV],s 0 [S/m],r
SLM00,80,20,0,,0.78+-0.09 (194-220degC)1.161+-0.003 (125-170degC)0.48+-0.04 (40-100degC),(5.11+-0.02)x10-4 (5.9+-0.5)x103 (8.7+-0.9)x10-6,-0.99978-0.99697-0.9967
SLM05,75,20,5,,1.151+-0.003 (110-220degC),(2.9+-0.1)x103,-0.99974
SLM10,70,20,10,,1.136+-0.002 (110-220degC),(5.3+-0.2)x103,-0.99989
SLM15,65,20,15,,1.108+-0.001 (85-220degC),(6.9+-0.2)x103,-0.99993
SLM20,60,20,20,,1.092+-0.001 (95-220degC),(1.35+-0.01)x104,-0.99999
SLM25,55,20,25,,1.069+-0.001 (80-220degC),(1.69+-0.02)x104,-0.99997
SLM30,50,20,30,,1.016+-0.001 (80-220degC),(7.5+-0.1)x103,-0.99996
SLM35,45,20,35,,0.962+-0.001 (40-210degC),(3.8+-0.05)x103,-0.99996
SLM40,40,20,40,,0.914+-0.001 (55-205degC),(2.68+-0.04)x103,-0.99996
