,T g [degC],T x [degC],T x-T g [degC],d [g/cm3],ers,re,Eg  [eV],rE
SLM00,273,385,112,4.916,19.5+-0.3,-0.95815,,
SLM05,277,405,128,,18.7+-0.3,-0.98544,2.57+-0.05,0.99895
SLM10,281,409,128,4.783,17.4+-0.2,-0.99181,2.52+-0.05,0.99943
SLM15,288,433,145,,19.9+-0.2,-0.99696,2.48+-0.05,0.99943
SLM20,289,442,153,4.701,19.2+-0.2,-0.99826,2.42+-0.04,0.99944
SLM25,281,423,142,,21.3+-0.2,-0.9982,2.36+-0.03,0.9997
SLM30,274,403,129,4.572,17.4+-0.2,-0.99839,2.26+-0.03,0.99982
SLM35,268,396,128,,23.0+-0.2,-0.99877,2.20+-0.04,0.99951
SLM40,259,378,119,4.438,22.2+-0.2,-0.99898,2.10+-0.02,0.99987
