Sample,H V (+-20),H (+-0.2),E (+-5),H/E,h max (nm),h f (nm),h c (nm),h s (nm),h f/h max,%R
As-cast,1048,14.9,240.6,0.06193,201.6,142.2,164.2,37.4,0.705,29.5
953K,1158,16.4,251.3,0.06526,195.8,138.4,158.5,37.3,0.707,29.3
1123K,1294,18.4,279.6,0.06581,187.4,129.3,149.8,37.6,0.690,31.0
