x,As-prepared,After irradiation,Dn
5,2.18242 (1.2x10-4),2.18284 (1.8x10-4),+4.6x10-4
15,2.19062 (8.0x10-5),2.19073 (1.1x10-4),+1.1x10-4
