Glass,n e +-0.00002,n e +-0.5,l 0 +-1 (nm),1/l 0 +-500 (cm-1),Band gap+-0.05 (eV)
CaF2,1.43489,94.8,125,80000,10.0
SiO2,1.46015,67.7,150,66700,8.25
FP 0,1.4050,105,150,66700,8.25
FP 4,1.43528,94.8,155,64500,8.00
FP 10,1.46012,90.1,160,62500,7.75
FP 20,1.50421,80.4,165,60600,7.50
MP,1.56032,66.2,185,54000,6.70
UP,1.54022,67.1,185,54000,6.70
