ph  (K/min),ln(  ph  ),Tp   (degC),Tp   (K),1000/  Tp,ln(  Tp    /  ph    n  ) a
5,1.60944,684,957,1.04493,7.28986
10,2.30259,694,967,1.03413,4.53806
15,2.70805,704,977,1.02354,2.93677
20,2.99573,711,984,1.01626,1.80032
