Samples,a,104 b,R 2,DT (K)
NS-5La,2.60761,-2.01504,0.99721,1385-1549
NS-10La,2.73569,-2.25693,0.99269,1383-1552
NS-20La,2.95772,-2.29419,0.98271,1354-1547
NS-25La,3.08507,-2.32031,0.98224,1360-1550
,,,,
AD-5La,2.93601,-1.40648,0.95757,1549-1825
AD-20La,3.31216,-2.21173,0.91252,1546-1825
AD-30La,3.45769,-2.28899,0.96553,1499-1835
