Bond,qi (e),Aij (eV),rij (A),Cij (eVA6)
O-O,-0.945,9022.821263,0.265,85.0924
Si-O,1.890,"50,306.24729",0.161,46.2979
Al-O,1.4175,"28,538.47256",0.172,34.57789
Ca-O,0.945,"155,667.9876",0.178,42.259787
Na-O,0.4725,"120,304.154",0.170,0.0
B-O,1.4175,"15,176.81",0.150,9.0821
Cs-O,0.4725,"19,587.734",0.163,261.273
