2Th,d [A],I [%],h,k,l,2The-2Thc
13.994,6.32327,2.5,0,0,1,-0.014
15.601,5.67543,2.8,1,1,0,0.003
16.669,5.31427,17.4,1,0,1,0.001
21.023,4.22239,59.8,1,1,1,-0.001
22.903,3.87988,11.5,2,0,1,-0.002
23.924,3.71651,1.0,2,1,0,-0.002
27.187,3.27737,100.0,3,0,0,0.000
27.829,3.20322,16.6,2,1,1,-0.002
28.231,3.15857,4.8,0,0,2,-0.002
30.704,2.90957,3.0,3,0,1,-0.005
32.415,2.75974,42.8,1,1,2,0.003
34.619,2.58895,13.1,2,2,1,0.000
35.839,2.50354,10.4,3,1,1,0.001
37.339,2.40638,1.7,2,1,2,0.004
39.295,2.29100,2.7,4,0,1,-0.005
39.607,2.27363,1.6,3,0,2,0.011
42.520,2.12439,5.5,3,2,1,-0.003
42.801,2.11108,21.6,2,2,2,0.000
43.950,2.05852,1.5,1,0,3,0.009
44.565,2.03153,21.1,4,1,1,0.000
45.932,1.97421,8.6,1,1,3,-0.001
46.909,1.93532,2.4,2,0,3,0.005
48.046,1.89214,22.1,3,3,0,0.001
48.445,1.87748,2.2,5,0,1,0.002
49.732,1.83189,3.1,2,1,3,0.002
50.315,1.81201,0.8,3,3,1,0.018
51.205,1.78258,3.1,4,2,1,0.000
51.445,1.77482,17.5,4,1,2,-0.002
53.860,1.70080,3.7,5,1,1,-0.004
54.197,1.69103,6.2,2,2,3,0.001
55.060,1.66656,2.6,3,1,3,0.001
56.078,1.63869,7.5,6,0,0,0.000
56.663,1.62314,1.8,3,3,2,0.002
58.398,1.57899,3.7,0,0,4,0.008
58.938,1.56579,2.3,4,3,1,0.006
60.069,1.53900,1.1,3,2,3,0.008
60.561,1.52767,11.1,5,2,1,0.000
61.668,1.50288,8.9,4,1,3,-0.004
63.745,1.45882,1.3,6,1,1,0.001
63.965,1.45432,1.0,6,0,2,0.012
65.561,1.42274,7.9,3,0,4,-0.004
66.279,1.40905,10.9,5,2,2,-0.001
67.139,1.39307,0.8,4,2,3,0.007
67.608,1.38455,2.1,4,4,1,0.004
68.361,1.37113,1.7,5,3,1,-0.002
68.361,1.37113,1.7,7,0,1,-0.002
69.400,1.35312,0.8,5,1,3,-0.005
