,A (eV),B (eV),l (nm-1),m (nm-1),S (nm),R (nm),c,d,h,costh
Si,1830.8,471.18,2.4799,1.7322,2.85,0.15,"100,390",16.217,-0.59825,-0.59825
O,1882.5,218.78,4.1710,2.3569,1.85,0.15,"64,692.1",4.1112,-0.5.8504,-0.84592
C,1393.6,346.7,3.4879,2.2119,1.95,0.15,"38,049",4.3484,-0.57058,-0.57058
