R value,N 4 from NMR,Error,N 4 from acoustic
0,0,0.01,
0.014,,,0.012
0.024,,,0.022
0.038,,,0.034
0.047,,,0.047
0.05,0.05,0.05,
0.051,,,
0.07,,,0.064
0.075,0.11,0.07,
0.097,,,0.079
0.1,0.12,0.07,
0.123,,,0.093
0.125,0.12,0.06,
0.15,0.14,0.06,0.103
0.175,0.19,0.08,
0.17647,,,0.113
0.2,0.17,0.06,0.122
0.225,0.21,0.08,
0.23,,,0.137
0.25,0.24,0.07,
0.26,,,0.157
0.275,0.25,0.06,
0.29,0.27,0.06,
0.3,0.30,0.08,
0.31,0.30,0.07,
0.32,,,0.202
0.325,0.28,0.07,
0.35,0.34,0.08,
0.355,,,0.228
0.375,0.33,0.06,
0.396,,,0.252
0.4,0.36,0.08,
0.425,0.37,0.08,
0.441,,,0.268
0.45,0.38,0.08,
0.475,0.39,0.07,
0.484,,,0.279
0.49254,,,
0.496,,,0.281
0.5,0.38,0.07,
0.525,0.39,0.07,
0.532,,,0.283
0.55,0.41,0.07,
0.581,,,0.286
0.624,,,0.285
