Pairs,A (eV),r (A),C (eV.A6)
Si2.4-O-1.2,"13,702.905",0.193817,54.681
O-1.2-O-1.2,2029.2204,0.343645,192.58
Al1.8-O-1.2,"12,201.417",0.195628,31.997
P3.0-O-1.2,"26,655.472",0.181968,86.856
Ce1.8-O-1.2 *,"11,476.9522",0.242032,46.7604
Ce2.4-O-1.2 #,"31,697.724",0.21836,90.689
