Leaching test,Duration (month),Al/Si,La/Si,Y/Si,N/Si
LaO1,1,0.12,0.07,-,-
,3,0.13,0.009,-,-
LaN1,1,0.24,0.00004,-,0.8
,3,-,<0.00002,-,0.6
YLaO2,1,0.29,0.0009,0.0009,-
YLaO3,3,0.006,0.0004,0.008,-
YLaN2,1,0.07,0.0007,0.002,0.8
YLaN3,1,0.11,0.08,0.046,1.1
,3,0.04,0.08,0.0006,0.7
YLaN4,6,<0.006,0.14,0.04,0.75
