a,T p,x at,x at,x at
(degC min-1),(K),803 K,808 K,813 K
1,809,0.25451,0.3542,0.45687
2,815,0.15811,0.19619,0.24697
3,834,0.08678,0.12535,0.17251
4,835,0.06588,0.09091,0.12444
5,842,0.04482,0.06784,0.09804
6,849,0.03776,0.06105,0.08968
