Pairs,A (eV),r (A),C (A6),B (eV),n
Si2.4-O-1.2,13702.905,0.193817,54.681,24.1367,3.8581
O-1.2-O-1.2,2029.2204,0.343645,192.58,12.1643,1.3082
Na0.6-O-1.2,4383.7555,0.243838,30.70,41.8006,2.9220
Er1.8-O-1.2,58934.851,0.195478,47.651,159.7969,5.6485
