Duration (days),Concentration (mg/l),Concentration (mg/l),Concentration (mg/l),pH,Molality (mmol/l),Molality (mmol/l),Molality (mmol/l),Normalized mass losses (g/m2),Normalized mass losses (g/m2),Normalized mass losses (g/m2),Dissolution rate (g/m2/day)
Duration (days),Si,Na,Al,,Si,Na,Al,NL (Si),NL (Na),NL (Al),V (Na)
14,81,82,22,9.4,2.87,3.57,0.83,0.73,2.7,0.64,0.00195
14,79,79,22,9.4,2.81,3.45,0.80,0.72,2.6,0.61,0.00189
14,82,75,23,9.4,2.92,3.26,0.84,0.74,2.5,0.65,0.00178
28,93,90,26,9.5,3.32,3.90,0.95,0.85,3.0,0.73,0.00107
28,92,88,26,9.5,3.27,3.81,0.97,0.83,2.9,0.74,0.00104
28,89,85,25,9.5,3.16,3.70,0.92,0.80,2.8,0.71,0.00101
91,94,105,26,9.6,3.33,4.57,0.95,0.85,3.5,0.73,0.00038
91,92,108,25,9.6,3.28,4.71,0.92,0.84,3.6,0.70,0.0004
91,96,112,26,9.6,3.43,4.88,0.96,0.88,3.7,0.73,0.00041
182,80,121,20,9.7,2.86,5.28,0.73,0.73,4.0,0.56,0.00022
182,84,122,23,9.6,3.01,5.30,0.85,0.77,4.1,0.65,0.00022
182,81,121,21,9.6,2.89,5.27,0.78,0.74,4.0,0.60,0.00022
286,98,137,26,9.88,3.48,5.94,0.96,0.89,4.55,0.73,0.00016
286,91,133,23,9.86,3.23,5.79,0.85,0.82,4.43,0.65,0.00015
286,93,129,24,9.83,3.29,5.63,0.89,0.84,4.31,0.68,0.00015
364,96,133,26,9.82,3.42,5.78,0.95,0.87,4.42,0.73,0.00012
364,92,138,23,9.77,3.26,5.99,0.86,0.83,4.58,0.66,0.00013
364,95,137,25,9.75,3.40,5.96,0.94,0.87,4.56,0.72,0.00013
