,Ca,Al,Si,O
Ca,2.8675,0.69315,0.64095,1.4377
Al,,0.16656,0.15323,0.27639
Si,,,0.14034,0.16742
O,,,,0.059165
