Pairs,A (eV),r (A),C (eVA6)
Si2.4-O-1.2,"13,702.905",0.193817,54.681
O-1.2-O-1.2,2029.2204,0.343645,192.58
Na0.6-O-1.2,4383.7555,0.243838,30.70
Li0.6-O-1.2,41051.938,0.151160,0.0
K0.6-O-1.2,20526.972,0.233708,51.489
