Interaction,A (eV),r (A),C (eVA6)
Si2.4+-O1.2-,13702.905,0.193817,54.681
O-O1.2-   a,2029.2195,0.343645,192.58
O-O1.2-   b,1844.7458,0.343645,192.58
Na0.6+-O1.2-,4383.7555,0.243838,30.70
