Glass,T g (degC),Density (gcm-3),Degradation rate (gcm-2 h-1)
0 Fe,295,2.49,0.3
1 Fe,302,2.51,0.19996
3 Fe,309,2.51,0.10261
5 Fe,314,2.54,2.587E-02
10 Fe,333,2.61,3.0E-04
15 Fe,354,2.66,1.E-06
20 Fe,384,2.75,3.E-06
,,,
0 Ca,295,2.49,0.3
10 Ca,310,2.54,0.05025
20 Ca,331,2.59,5.43E-03
30 Ca,350,2.62,9.E-05
40 Ca,390,2.67,9.E-06
,,,
0 Mg,295,2.49,0.3
10 Mg,332,2.53,8.75E-03
20 Mg,367,2.58,2.E-05
30 Mg,403,2.62,9.E-06
40 Mg,425,2.67,6.E-06
50 Mg,470,2.67,3.E-06
